{
  "10": {
    "center": [
      -104.91215931183669,
      24.918559392818572
    ],
    "zoom": 6,
    "name": "Durango"
  },
  "11": {
    "center": [
      -101.01343422639447,
      20.905051120933148
    ],
    "zoom": 6,
    "name": "Guanajuato"
  },
  "12": {
    "center": [
      -99.91887203675387,
      17.668357051930485
    ],
    "zoom": 6,
    "name": "Guerrero"
  },
  "13": {
    "center": [
      -98.8874822816647,
      20.47888951582742
    ],
    "zoom": 6,
    "name": "Hidalgo"
  },
  "14": {
    "center": [
      -103.61643934573088,
      20.57720026568544
    ],
    "zoom": 6,
    "name": "Jalisco"
  },
  "15": {
    "center": [
      -99.64562781469112,
      19.355418177422862
    ],
    "zoom": 6,
    "name": "México"
  },
  "16": {
    "center": [
      -101.8798982444598,
      19.20643372173156
    ],
    "zoom": 6,
    "name": "Michoacán de Ocampo"
  },
  "17": {
    "center": [
      -99.07469741376028,
      18.742477810541637
    ],
    "zoom": 6,
    "name": "Morelos"
  },
  "18": {
    "center": [
      -104.85256013602205,
      21.80050365575412
    ],
    "zoom": 6,
    "name": "Nayarit"
  },
  "19": {
    "center": [
      -99.96889927053415,
      25.564650642543597
    ],
    "zoom": 6,
    "name": "Nuevo León"
  },
  "20": {
    "center": [
      -96.42902708081076,
      16.961975459499044
    ],
    "zoom": 6,
    "name": "Oaxaca"
  },
  "21": {
    "center": [
      -97.90119673096416,
      19.003548113756686
    ],
    "zoom": 6,
    "name": "Puebla"
  },
  "22": {
    "center": [
      -99.84751339672363,
      20.85376788267227
    ],
    "zoom": 6,
    "name": "Querétaro"
  },
  "23": {
    "center": [
      -88.11772436251916,
      19.598850023102774
    ],
    "zoom": 6,
    "name": "Quintana Roo"
  },
  "24": {
    "center": [
      -100.41073091616305,
      22.58411859808736
    ],
    "zoom": 6,
    "name": "San Luis Potosí"
  },
  "25": {
    "center": [
      -107.49404734451082,
      24.994499295204918
    ],
    "zoom": 6,
    "name": "Sinaloa"
  },
  "26": {
    "center": [
      -110.78466337378914,
      29.676389269995934
    ],
    "zoom": 6,
    "name": "Sonora"
  },
  "27": {
    "center": [
      -92.59375208474569,
      17.939149843497056
    ],
    "zoom": 6,
    "name": "Tabasco"
  },
  "28": {
    "center": [
      -98.64248070687333,
      24.27986321529666
    ],
    "zoom": 6,
    "name": "Tamaulipas"
  },
  "29": {
    "center": [
      -98.16899169024623,
      19.42814854490868
    ],
    "zoom": 6,
    "name": "Tlaxcala"
  },
  "30": {
    "center": [
      -96.39614508291227,
      19.384161063838075
    ],
    "zoom": 6,
    "name": "Veracruz de Ignacio de la Llave"
  },
  "31": {
    "center": [
      -88.92810494435923,
      20.760267174705643
    ],
    "zoom": 6,
    "name": "Yucatán"
  },
  "32": {
    "center": [
      -102.66465069358733,
      23.283219891716342
    ],
    "zoom": 6,
    "name": "Zacatecas"
  },
  "09": {
    "center": [
      -99.13897191401067,
      19.277778554179555
    ],
    "zoom": 6,
    "name": "Distrito Federal"
  },
  "02": {
    "center": [
      -115.0750596528344,
      30.534690006787905
    ],
    "zoom": 6,
    "name": "Baja California"
  },
  "03": {
    "center": [
      -112.03938812968053,
      25.90748565835076
    ],
    "zoom": 6,
    "name": "Baja California Sur"
  },
  "08": {
    "center": [
      -106.46234972556422,
      28.79391774812608
    ],
    "zoom": 6,
    "name": "Chihuahua"
  },
  "06": {
    "center": [
      -104.09386945481012,
      19.13383488151836
    ],
    "zoom": 6,
    "name": "Colima"
  },
  "07": {
    "center": [
      -92.47349394237274,
      16.484467215774455
    ],
    "zoom": 6,
    "name": "Chiapas"
  },
  "01": {
    "center": [
      -102.36222917106883,
      22.005912480376438
    ],
    "zoom": 6,
    "name": "Aguascalientes"
  },
  "05": {
    "center": [
      -102.04459104752063,
      27.282387316652617
    ],
    "zoom": 6,
    "name": "Coahuila de Zaragoza"
  },
  "04": {
    "center": [
      -90.36170797037222,
      18.838980608703945
    ],
    "zoom": 6,
    "name": "Campeche"
  }
}